599317.926665,6615281.93347,0.0,-0.0335673833753,Measure,both,Plot_1
599321.971336,6615281.83383,0.0,0.0689058111046,Measure,both,Plot_2
599325.610182,6615281.94217,0.0,0.016113216847,Measure,both,Plot_3
599327.669954,6615281.97992,0.0,0.0175433947331,DriveThrough,both,DrThr_1
599327.447369,6615281.71199,0.0,-1.37827326891,TurningPoint,both,TurningPoint_2
599327.960447,6615279.44378,0.0,-1.35926882156,DriveThrough,both,DrThr_2
599327.683688,6615279.64791,0.0,-3.1113700208,TurningPoint,both,TurningPoint_3
599325.899032,6615279.5431,0.0,-3.1136370537,Measure,both,Plot_4
599322.555337,6615279.81352,0.0,2.97682076029,Measure,both,Plot_5
599322.520982,6615279.78821,0.0,-3.11537100013,Stop,both,Stop
