599201.686296,6615304.5007,0.0,-1.1489329988527066,DriveThrough,right,DrThr_1
599204.4254598884,6615298.3970259605,0.0,-1.1548364074766642,Measure,both,Plot_1
599207.7340235929,6615290.991811683,0.0,-1.1553095028534262,Measure,both,Plot_2
599210.8459532676,6615283.836055253,0.0,-1.157193595925336,Measure,both,Plot_3
599214.0987603175,6615276.492446471,0.0,-1.1561155114139359,Measure,both,Plot_4
599217.2424704855,6615269.313695065,0.0,-1.1605517787448127,Measure,both,Plot_5
599220.5378721929,6615261.679669279,0.0,-1.1644803969563293,Measure,both,Plot_6
599224.1983505,6615253.113505,0.0,-1.1652294138047357,DriveThrough,right,DrThr_2
599224.1983505,6615253.113505,0.0,-0.5349726236778034,TurningPoint,right,TurningPoint_1
599226.6901044999,6615251.536280001,0.0,-0.5349726236778034,DriveThrough,right,DrThr_3
599226.6901044999,6615251.536280001,0.0,0.3379233804609377,TurningPoint,right,TurningPoint_2
599235.0019089044,6615254.819313956,0.0,0.3761752116710498,DriveThrough,right,DrThr_4
599235.0019089044,6615254.819313956,0.0,1.291296819839466,TurningPoint,right,TurningPoint_3
599235.7841701813,6615258.337713056,0.0,1.3520204510454301,DriveThrough,right,DrThr_5
599235.7841701813,6615258.337713056,0.0,1.9867968092616737,TurningPoint,right,TurningPoint_4
599233.925666,6615262.54453,0.0,1.9835220832421363,DriveThrough,right,DrThr_6
599232.3726050061,6615266.132468568,0.0,1.9928666346660615,Measure,both,Plot_7
599229.1156564401,6615273.528379766,0.0,1.9983837628795447,Measure,both,Plot_8
599225.7905016792,6615280.825118479,0.0,1.9826505888376609,Measure,both,Plot_9
599222.6041759562,6615288.1508869855,0.0,1.9902509360420355,Measure,both,Plot_10
599219.3751427856,6615295.392194119,0.0,1.9859278684004282,Measure,both,Plot_11
599216.0728654022,6615303.0784311015,0.0,1.972109300474541,Measure,both,Plot_12
599212.1830825,6615312.31885,0.0,1.96784060410303,DriveThrough,right,DrThr_7
599212.1830825,6615312.31885,0.0,1.3317593306053435,TurningPoint,right,TurningPoint_5
599213.033079,6615315.95073,0.0,1.3317593306053435,DriveThrough,right,DrThr_8
599213.033079,6615315.95073,0.0,0.3875256628306896,TurningPoint,right,TurningPoint_6
599219.4740375,6615318.580035,0.0,0.3875256628306896,DriveThrough,right,DrThr_9
599219.4740375,6615318.580035,0.0,-0.30209417022750995,TurningPoint,right,TurningPoint_7
599223.3700985,6615317.36145,0.0,-0.30209417022750995,DriveThrough,right,DrThr_10
599223.3700985,6615317.36145,0.0,-1.1698862201470466,TurningPoint,right,TurningPoint_8
599225.371816,6615312.6846,0.0,-1.1698862201470466,DriveThrough,right,DrThr_11
599227.21418886,6615308.582098366,0.0,-1.1618643649204279,Measure,both,Plot_13
599230.5503660575,6615300.942430179,0.0,-1.1540945445622697,Measure,both,Plot_14
599233.7934442572,6615293.710831921,0.0,-1.154984783199891,Measure,both,Plot_15
599236.9659915084,6615286.413527337,0.0,-1.1593442962536133,Measure,both,Plot_16
599240.2449674436,6615278.938330969,0.0,-1.1603000797731298,Measure,both,Plot_17
599243.4353987303,6615271.526586064,0.0,-1.1727374178391305,Measure,both,Plot_18
599246.5085684999,6615264.04149,0.0,-1.1800479117431315,DriveThrough,right,DrThr_12
599246.5085684999,6615264.04149,0.0,-1.9326895334464558,TurningPoint,right,TurningPoint_9
599245.220789,6615260.770485,0.0,-1.9326895334464558,DriveThrough,right,DrThr_13
599245.220789,6615260.770485,0.0,-2.7139845604846973,TurningPoint,right,TurningPoint_10
599226.7650384528,6615252.220453556,0.0,-2.707756754458307,DriveThrough,right,DrThr_14
599226.7650384528,6615252.220453556,0.0,2.574403843069549,TurningPoint,right,TurningPoint_11
599223.9321665,6615254.02502,0.0,2.9103513225480526,DriveThrough,right,DrThr_15
599223.9321665,6615254.02502,0.0,2.0000953085481425,TurningPoint,right,TurningPoint_12
599222.451104,6615257.22225,0.0,2.0000953085481425,DriveThrough,right,DrThr_16
599220.6959633501,6615261.312236038,0.0,1.977112256633464,Measure,both,Plot_19
599217.402003924,6615268.946885738,0.0,1.9810408748449808,Measure,both,Plot_20
599214.259919445,6615276.126348484,0.0,1.9854771421758575,Measure,both,Plot_21
599211.006717617,6615283.469783736,0.0,1.9843990576644572,Measure,both,Plot_22
599207.8954777461,6615290.625843711,0.0,1.986283150736367,Measure,both,Plot_23
599204.5870871613,6615298.031134413,0.0,1.986756246113129,Measure,both,Plot_24
599201.4004115,6615305.313885,0.0,1.9828033280498685,DriveThrough,right,DrThr_17
599201.4004115,6615305.313885,0.0,1.2355617193752335,TurningPoint,right,TurningPoint_13
599202.9589665,6615309.81285,0.0,1.2355617193752335,DriveThrough,right,DrThr_18
599202.9589665,6615309.81285,0.0,0.47438096105891653,TurningPoint,right,TurningPoint_14
599208.1666055,6615312.5022950005,0.0,0.47438096105891653,DriveThrough,right,DrThr_19
599208.1666055,6615312.5022950005,0.0,-0.3119104841800923,TurningPoint,right,TurningPoint_15
599212.691663,6615311.034885,0.0,-0.3119104841800923,DriveThrough,right,DrThr_20
599212.691663,6615311.034885,0.0,-1.1881417082986065,TurningPoint,right,TurningPoint_16
599214.488654,6615306.59516,0.0,-1.1881417082986065,DriveThrough,right,DrThr_21
599215.9166144681,6615303.446650663,0.0,-1.1694833531152522,Measure,both,Plot_25
599219.2138186645,6615295.758219429,0.0,-1.1556647851893649,Measure,both,Plot_26
599222.4427194162,6615288.516853903,0.0,-1.1603479902161415,Measure,both,Plot_27
599225.6303779896,6615281.191670527,0.0,-1.1589420647521322,Measure,both,Plot_28
599228.9520950322,6615273.893410815,0.0,-1.1560187371293853,Measure,both,Plot_29
599232.208745025,6615266.497365685,0.0,-1.1487260189237316,Measure,both,Plot_30
599235.9974474453,6615258.009167035,0.0,-1.150982381821843,DriveThrough,right,DrThr_22
599235.9974474453,6615258.009167035,0.0,-0.3643187881547593,TurningPoint,right,TurningPoint_17
599239.6983604999,6615256.597855,0.0,-0.4997254804435081,DriveThrough,right,DrThr_23
599239.6983604999,6615256.597855,0.0,0.38595012374238163,TurningPoint,right,TurningPoint_18
599244.9321975,6615258.7215,0.0,0.38595012374238163,DriveThrough,right,DrThr_24
599244.9321975,6615258.7215,0.0,1.122855454654594,TurningPoint,right,TurningPoint_19
599246.9453355087,6615263.188202567,0.0,1.1473613329404138,DriveThrough,right,DrThr_25
599246.9453355087,6615263.188202567,0.0,1.9648625429850977,TurningPoint,right,TurningPoint_20
599245.225392,6615267.32451,0.0,1.9956975123506229,DriveThrough,right,DrThr_26
599243.590450629,6615271.1578600025,0.0,1.9688552357506632,Measure,both,Plot_31
599240.4045932025,6615278.571561808,0.0,1.9812925738166636,Measure,both,Plot_32
599237.1259677464,6615286.046910911,0.0,1.9822483573361798,Measure,both,Plot_33
599233.9550172389,6615293.344916395,0.0,1.986607870389902,Measure,both,Plot_34
599230.7122647273,6615300.576658637,0.0,1.9874981090275237,Measure,both,Plot_35
599227.3732406923,6615308.215079955,0.0,1.9797282886693657,Measure,both,Plot_36
599224.285837,6615315.42129,0.0,1.976448304793353,DriveThrough,right,DrThr_27
599224.285837,6615315.42129,0.0,1.99166000564,Stop,right,Stop
