599220.5551661169,6615180.663856239,0.0,-2.4,Measure,both,E22_dolomite_cloaci_1
599219.8189886484,6615179.987067694,0.0,-2.4,Measure,both,E22_dolomite_cloaci_2
599209.1817977085,6615170.208000435,0.0,-2.4,DriveThrough,both,DrThr_4
599209.0142713962,6615170.097386779,0.0,-0.896002449304,TurningPoint,both,TurningPoint_2
599227.571983012,6615150.605022769,0.0,-0.756997561086,DriveThrough,both,DrThr_5
599227.0558718132,6615150.582235884,0.0,0.745,TurningPoint,both,TurningPoint_3
599243.7938990563,6615165.01693261,0.0,0.745,Measure,both,E22_dolomite_cloaci_3
599244.5313595441,6615165.692322889,0.0,0.745,Measure,both,E22_dolomite_cloaci_4
599258.645837,6615178.61882,0.0,0.745,DriveThrough,both,DrThr_6
599283.626944,6615201.37628,0.0,0.745,Measure,both,E22_dolomite_cloaci_5
599284.3674457339,6615202.0483344495,0.0,0.745,Measure,both,E22_dolomite_cloaci_6
599291.965519,6615208.94409,0.0,0.745,Stop,both,Stop
