599140.643289803,6615299.128304668,0.0,2.0667364649663647,Measure,both,Plot_1
599139.5116666236,6615301.233737018,0.0,2.0954581618725396,Measure,both,Plot_2
599138.2736943822,6615303.361757856,0.0,2.0742839119909893,Measure,both,Plot_3
599137.0733632853,6615305.537214305,0.0,2.067917369232001,Measure,both,Plot_4
599135.8683412283,6615307.779184146,0.0,2.110236578325244,Measure,both,Plot_5
599134.5886227672,6615309.895653689,0.0,2.0672480866758542,Measure,both,Plot_6
599133.373617952,6615312.144066148,0.0,2.070856885824996,Measure,both,Plot_7
599132.1919873579,6615314.310100088,0.0,2.0846771024136026,Measure,both,Plot_8
599130.9860371324,6615316.441150515,0.0,2.065985685777729,Measure,both,Plot_9
599129.7331488053,6615318.763989889,0.0,2.0823211606818015,Measure,both,Plot_10
599128.551991134,6615320.870597087,0.0,2.080253373388051,Measure,both,Plot_11
599127.3151831502,6615323.081198055,0.0,2.0720346110382226,Measure,both,Plot_12
599124.253561,6615328.70436,0.0,2.0697993583702923,DriveThrough,right,DrThr_1
599123.485061,6615332.38139,0.0,1.7768307561950443,DriveThrough,right,DrThr_2
599125.86733,6615336.79515,0.0,1.0758668110696072,DriveThrough,right,DrThr_3
599132.848759,6615340.21653,0.0,0.4556710696447432,DriveThrough,right,DrThr_4
599135.807375,6615340.63912,0.0,0.14187405747231963,DriveThrough,right,DrThr_5
599139.511134,6615335.53832,0.0,-0.9427587509438553,DriveThrough,right,DrThr_6
599141.7982726485,6615331.47759019,0.0,-1.0771985896058478,Measure,both,Plot_13
599143.065968478,6615329.129845714,0.0,-1.0731265721389949,Measure,both,Plot_14
599144.2958615929,6615326.892831966,0.0,-1.0762422183382225,Measure,both,Plot_15
599145.4775328153,6615324.753059309,0.0,-1.0359892392996757,Measure,both,Plot_16
599146.8084427321,6615322.450796855,0.0,-1.0514633867624075,Measure,both,Plot_17
599147.935909106,6615320.411914303,0.0,-1.0616149398497121,Measure,both,Plot_18
599149.0120244058,6615318.559389485,0.0,-1.0528660942150196,Measure,both,Plot_19
599150.1953216904,6615316.365149066,0.0,-1.0826037984542072,Measure,both,Plot_20
599151.372507719,6615314.167182735,0.0,-1.074920962945197,Measure,both,Plot_21
599152.5437437856,6615312.022700711,0.0,-1.0634442504495638,Measure,both,Plot_22
599153.7578796209,6615309.850670491,0.0,-1.0676493971196153,Measure,both,Plot_23
599154.9580209868,6615307.630627963,0.0,-1.0839532721976264,Measure,both,Plot_24
599157.486187,6615302.80204,0.0,-1.087959196536594,DriveThrough,right,Stop
599157.5085700827,6615302.78826658,0.0,2.0545374104176077,TurningPoint,both,TurningPoint_1
599155.1451562152,6615307.277102283,0.0,2.0576393813921667,Measure,both,Plot_25
599153.9507535612,6615309.500242691,0.0,2.0739432564701787,Measure,both,Plot_26
599152.7380896165,6615311.673087071,0.0,2.0781484031402293,Measure,both,Plot_27
599151.5628284238,6615313.815361717,0.0,2.0666716906445965,Measure,both,Plot_28
599150.3829338219,6615316.011876242,0.0,2.058988855135586,Measure,both,Plot_29
599149.2100575621,6615318.211851187,0.0,2.088726559374774,Measure,both,Plot_30
599148.1308941633,6615320.062656765,0.0,2.0799777137400812,Measure,both,Plot_31
599147.0069631881,6615322.103536681,0.0,2.090129266827386,Measure,both,Plot_32
599145.6814028447,6615324.408912521,0.0,2.105603414290117,Measure,both,Plot_33
599144.4857172862,6615326.540759793,0.0,2.0653504352515704,Measure,both,Plot_34
599143.2569201804,6615328.778366771,0.0,2.0684660814507985,Measure,both,Plot_35
599141.9877915435,6615331.125336604,0.0,2.0643940639839458,Measure,both,Plot_36
599139.5090336364,6615335.538483666,0,2.082559468171816,DriveThrough,both,DrThr_7
599139.5090336364,6615335.538483666,0,3.035583030816429,TurningPoint,both,TurningPoint_2
599133.1462090954,6615336.215542469,0,3.052325449531248,DriveThrough,both,DrThr_8
599133.1462090954,6615336.215542469,0,-2.730647107781387,TurningPoint,both,TurningPoint_3
599127.8565993271,6615333.910564171,0,-2.730647107781387,DriveThrough,both,DrThr_9
599127.8565993271,6615333.910564171,0,-1.874530153735692,TurningPoint,both,TurningPoint_4
599125.5197173014,6615326.454780495,0,-1.874530153735692,DriveThrough,both,DrThr_10
599125.5197173014,6615326.454780495,0,-1.1037851504285587,TurningPoint,both,TurningPoint_5
599126.2331118445,6615325.039909035,0,-1.1037851504285587,DriveThrough,both,DrThr_11
599127.1229784033,6615323.431993345,0,-1.0695580425515705,Measure,both,Plot_37
599128.3569098078,6615321.219800862,0.0,-1.061339280201742,Measure,both,Plot_38
599129.5373458175,6615319.112789531,0.0,-1.0592714929079916,Measure,both,Plot_39
599130.7959578234,6615316.793102012,0.0,-1.0756069678120643,Measure,both,Plot_40
599131.9953631627,6615314.658437461,0.0,-1.0569155511761905,Measure,both,Plot_41
599133.1818264786,6615312.495087559,0.0,-1.070735767764797,Measure,both,Plot_42
599134.3980993058,6615310.247364949,0.0,-1.0743445669139389,Measure,both,Plot_43
599135.6628789044,6615308.12238268,0.0,-1.031356075264549,Measure,both,Plot_44
599136.8826044723,6615305.888797972,0.0,-1.0736752843577921,Measure,both,Plot_45
599138.0807010779,6615303.712119931,0.0,-1.0673087415988038,Measure,both,Plot_46
599139.3112984821,6615301.579934372,0.0,-1.0461344917172535,Measure,both,Plot_47
599140.4529463095,6615299.480113357,0.0,-1.0748561886234285,Measure,both,Plot_48
599142.0291735926,6615296.651632493,0.0,-1.0644104653988558,DriveThrough,both,DrThr_12
599142.0291735926,6615296.651632493,0.0,-1.1631867274255248,Stop,both,Stop_1
