599326.082123,6615267.00541,0.0,0.04853921686349157,Measure,both,n2_buckets_1
599326.9466856363,6615267.047408181,0.0,0.04853921686349157,Measure,both,n2_buckets_2
599327.8112482727,6615267.089406364,0.0,0.04853921686349157,Measure,both,n2_buckets_3
599328.675810909,6615267.131404545,0.0,0.04853921686349157,Measure,both,n2_buckets_4
599329.5403735454,6615267.173402727,0.0,0.04853921686349157,Measure,both,n2_buckets_5
599330.4049361817,6615267.215400909,0.0,0.04853921686349157,Measure,both,n2_buckets_6
599331.2694988182,6615267.257399091,0.0,0.04853921686349157,Measure,both,n2_buckets_7
599332.1340614546,6615267.299397273,0.0,0.04853921686349157,Measure,both,n2_buckets_8
599332.9986240909,6615267.3413954545,0.0,0.04853921686349157,Measure,both,n2_buckets_9
599333.8631867273,6615267.383393636,0.0,0.04853921686349157,Measure,both,n2_buckets_10
599334.7277493636,6615267.425391818,0.0,0.04853921686349157,Measure,both,n2_buckets_11
599335.592312,6615267.46739,0.0,0.04853921686349157,Measure,both,n2_buckets_12
599337.1471,6615267.57518,0.0,0.0647368281433,DriveThrough,right,DrThr_1
599337.151758,6615267.58238,0.0,-0.639450001392,TurningPoint,right,TurningPoint_1
599338.847981,6615266.35528,0.0,-0.663184593114,DriveThrough,right,DrThr_2
599338.861889,6615266.35562,0.0,-1.40126904506,TurningPoint,right,TurningPoint_2
599339.037622,6615263.67423,0.0,-1.52499631129,DriveThrough,right,DrThr_3
599339.026416,6615263.64168,0.0,-2.15878553902,TurningPoint,right,TurningPoint_3
599338.545619,6615262.945929999,0.0,-2.09933233094,DriveThrough,right,DrThr_4
599338.647702,6615262.993729999,0.0,3.2,TurningPoint,right,TurningPoint_4
599336.157156,6615262.89419,0.0,-3.1034113171115796,Measure,both,n2_buckets_13
599335.2850928182,6615262.860877273,0.0,-3.1034113171115796,Measure,both,n2_buckets_14
599334.4130296364,6615262.827564546,0.0,-3.1034113171115796,Measure,both,n2_buckets_15
599333.5409664545,6615262.794251818,0.0,-3.1034113171115796,Measure,both,n2_buckets_16
599332.6689032727,6615262.760939091,0.0,-3.1034113171115796,Measure,both,n2_buckets_17
599331.7968400909,6615262.727626364,0.0,-3.1034113171115796,Measure,both,n2_buckets_18
