599254.401032,6615414.36701,0.0,-2.1999738847,Measure,both,Plot_1
599251.763654,6615410.81941,0.0,-2.21879395282,Measure,both,Plot_2
599248.703746,6615406.83457,0.0,-2.18347044626,Measure,both,Plot_3
599245.812964,6615403.0507,0.0,-2.20223368597,Measure,both,Plot_4
599242.853562,6615399.269,0.0,-2.19162998668,Measure,both,Plot_5
599239.862718,6615395.36774,0.0,-2.21425197937,Measure,both,Plot_6
599236.926434,6615391.48349,0.0,-2.24002695796,Measure,both,Plot_7
599234.129056,6615387.74295,0.0,-2.20610414028,Measure,both,Plot_8
599231.196805,6615383.73363,0.0,-2.17711720755,Measure,both,Plot_9
599228.607572,6615380.02002,0.0,-2.16135930179,Measure,both,Plot_10
599225.784716,6615375.98424,0.0,-2.17072262966,Measure,both,Plot_11
599223.008519,6615371.96401,0.0,-2.14932038131,Measure,both,Plot_12
599220.358625,6615368.0369,0.0,-2.1445281745,Measure,both,Plot_13
599217.599769,6615363.8324,0.0,-2.1022721035,Measure,both,Plot_14
599215.154181,6615360.02134,0.0,-2.122980433,Measure,both,Plot_15
599212.555422,6615355.87281,0.0,-2.12414860434,DriveThrough,both,DrThr_1
599212.511847,6615355.89169,0.0,2.69146978751,TurningPoint,both,TurningPoint_1
599204.323951,6615361.22994,0.0,2.53763483887,DriveThrough,both,DrThr_2
599197.35692,6615365.15561,0.0,2.7512224291,DriveThrough,both,DrThr_3
599193.217233,6615367.56829,0.0,2.48697105079,DriveThrough,both,DrThr_4
599193.19408,6615367.58579,0.0,0.875742508509,TurningPoint,both,TurningPoint_2
599196.390359,6615371.18739,0.0,0.89820924928,Measure,both,Plot_16
599199.345825,6615374.64562,0.0,0.861068943341,Measure,both,Plot_17
599202.51142,6615378.50522,0.0,0.901171003568,Measure,both,Plot_18
599205.551897,6615382.20791,0.0,0.88423611424,Measure,both,Plot_19
599208.469836,6615385.81529,0.0,0.920208580694,Measure,both,Plot_20
599211.681995,6615389.81521,0.0,0.899300536866,Measure,both,Plot_21
599214.50421,6615393.32924,0.0,0.856590456575,Measure,both,Plot_22
599217.583988,6615397.25345,0.0,0.900380233688,Measure,both,Plot_23
599220.634442,6615401.17529,0.0,0.903809063588,Measure,both,Plot_24
599223.510663,6615405.0108,0.0,0.949401411681,Measure,both,Plot_25
599226.352926,6615408.94069,0.0,0.936793860209,Measure,both,Plot_26
599231.985329,6615416.85466,0.0,0.952145859012,Measure,both,Plot_27
599234.781031,6615420.74731,0.0,0.979235250714,Measure,both,Plot_28
599237.345996,6615424.43057,0.0,0.963666044847,Measure,both,Plot_29
599240.429821,6615428.80837,0.0,0.967083146903,DriveThrough,both,DrThr_5
599240.415747,6615428.8324,0.0,-2.35757770741,TurningPoint,both,TurningPoint_3
599236.599576,6615424.90335,0.0,-2.32215068967,Measure,both,Plot_30
599233.473761,6615421.51576,0.0,-2.32524447549,Measure,both,Plot_31
599230.068745,6615417.83881,0.0,-2.30656203292,Measure,both,Plot_32
599226.927146,6615414.39933,0.0,-2.30579255349,Measure,both,Plot_33
599223.647443,6615410.6699,0.0,-2.2679792227,Measure,both,Plot_34
599220.526083,6615407.09214,0.0,-2.2789668184,Measure,both,Plot_35
599217.286973,6615403.35871,0.0,-2.23371742886,Measure,both,Plot_36
599214.174745,6615399.67582,0.0,-2.21596928526,Measure,both,Plot_37
599211.003378,6615395.84678,0.0,-2.23542104329,Measure,both,Plot_38
599208.021045,6615392.15752,0.0,-2.24041924875,Measure,both,Plot_39
599205.052566,6615388.44695,0.0,-2.22508661503,Measure,both,Plot_40
599202.002975,6615384.44032,0.0,-2.22083061514,Measure,both,Plot_41
599199.101345,6615380.52521,0.0,-2.18155371004,Measure,both,Plot_42
599196.248392,6615376.59139,0.0,-2.18880208505,Measure,both,Plot_43
599193.782241,6615373.13471,0.0,-2.18552620819,Measure,both,Plot_44
599190.822353,6615368.91869,0.0,-2.18575409018,DriveThrough,both,DrThr_6
599190.843836,6615368.94277,0.0,-0.542745556093,TurningPoint,both,TurningPoint_4
599197.639121,6615364.80407,0.0,-0.534443870591,DriveThrough,both,DrThr_7
599203.771175,6615361.21779,0.0,-0.544285735371,DriveThrough,both,DrThr_8
599210.323205,6615357.57019,0.0,-0.434930951541,DriveThrough,both,DrThr_9
599210.323263,6615357.57464,0.0,1.09827500499,TurningPoint,both,TurningPoint_5
599213.128952,6615362.84171,0.0,1.11771297855,Measure,both,Plot_45
599215.347179,6615367.24407,0.0,1.11083731711,Measure,both,Plot_46
599217.459296,6615371.6518,0.0,1.14016752661,Measure,both,Plot_47
599219.367731,6615375.89052,0.0,1.15554597844,Measure,both,Plot_48
599221.299455,6615380.36782,0.0,1.16444943366,Measure,both,Plot_49
599223.228299,6615384.9868,0.0,1.20197879755,Measure,both,Plot_50
599225.006892,6615389.4611,0.0,1.18842930232,Measure,both,Plot_51
599226.723967,6615393.93712,0.0,1.20215116846,Measure,both,Plot_52
599228.364388,6615398.44483,0.0,1.24975952288,Measure,both,Plot_53
599230.029339,6615403.11762,0.0,1.2682942851,Measure,both,Plot_54
599231.577471,6615407.73225,0.0,1.25775141853,Measure,both,Plot_55
599233.009002,6615412.39734,0.0,1.2997085779,Measure,both,Plot_56
599234.410558,6615417.0747,0.0,1.33074228704,Measure,both,Plot_57
599235.690258,6615421.88306,0.0,1.32578601542,Measure,both,Plot_58
599236.841214,6615426.16139,0.0,1.32569992729,Measure,both,Plot_59
599237.976609,6615430.60843,0.0,1.36699861601,Stop,both,Stop
