599177.169894,6615300.90901,0.0,-1.14914602868,DriveThrough,right,DrThr_1
599177.976435,6615299.03814,0.0,-1.17934984132,DriveThrough,right,DrThr_2
599179.65778,6615295.09278,0.0,-1.17932274129,Measure,both,Plot_1
599181.61835,6615290.56436,0.0,-1.16217645516,Measure,both,Plot_2
599183.625234,6615285.99614,0.0,-1.17131081301,Measure,both,Plot_3
599185.628371,6615281.32754,0.0,-1.17471467999,Measure,both,Plot_4
599187.660124,6615276.7452,0.0,-1.18794421578,Measure,both,Plot_5
599189.605288,6615272.28161,0.0,-1.15176199855,Measure,both,Plot_6
599191.618119,6615267.74037,0.0,-1.1852114065,Measure,both,Plot_7
599193.624276,6615263.02917,0.0,-1.15748378794,Measure,both,Plot_8
599195.759889,6615258.21902,0.0,-1.18792562523,Measure,both,Plot_9
599197.678455,6615253.79313,0.0,-1.16003689753,Measure,both,Plot_10
599199.539511,6615249.5794,0.0,-1.13637626066,Measure,both,Plot_11
599201.69555,6615244.81625,0.0,-1.13825444743,Measure,both,Plot_12
599203.70417,6615240.1066,0.0,-1.15375183189,Measure,both,Plot_13
599205.721882,6615235.35314,0.0,-1.15530019985,Measure,both,Plot_14
599207.548108,6615231.0638,0.0,-1.16596507302,Measure,both,Plot_15
599209.379069,6615226.76365,0.0,-1.1724733142,DriveThrough,right,DrThr_3
599209.006375,6615226.89449,0.0,-2.79034869782,TurningPoint,right,TurningPoint_1
599199.494389,6615222.30857,0.0,-2.67870297931,DriveThrough,right,DrThr_4
599187.658913,6615217.09504,0.0,-2.80247981649,DriveThrough,right,DrThr_5
599187.774263,6615217.4674,0.0,1.6709890908,TurningPoint,right,TurningPoint_2
599187.412465,6615218.98702,0.0,1.97577951913,DriveThrough,right,DrThr_6
599186.312667,6615221.69255,0.0,1.96114821344,Measure,both,Plot_16
599184.516463,6615225.94504,0.0,1.95039524222,Measure,both,Plot_17
599182.655803,6615230.39636,0.0,1.97004459439,Measure,both,Plot_18
599180.735326,6615234.95997,0.0,1.9946356897,Measure,both,Plot_19
599178.652019,6615239.92801,0.0,1.94439722342,Measure,both,Plot_20
599176.776099,6615244.51112,0.0,1.96485649486,Measure,both,Plot_21
599174.835527,6615249.1843,0.0,1.97294206729,Measure,both,Plot_22
599173.130482,6615253.34705,0.0,1.96688500183,Measure,both,Plot_23
599171.127256,6615258.21744,0.0,1.98495373417,Measure,both,Plot_24
599169.365924,6615262.5767,0.0,1.9557358999,Measure,both,Plot_25
599167.330216,6615267.55918,0.0,1.93486126956,Measure,both,Plot_26
599165.531407,6615271.98623,0.0,1.96748532354,Measure,both,Plot_27
599163.659829,6615276.63299,0.0,1.98243619203,Measure,both,Plot_28
599161.756534,6615281.31507,0.0,1.97228178982,Measure,both,Plot_29
599159.92181,6615285.80123,0.0,1.96092897981,Measure,both,Plot_30
599157.731885,6615290.96754,0.0,1.99509894103,Stop,right,Stop
