599201.129756,6615291.61782,0.0,-0.765565656605,DriveThrough,right,DrThr_1
599203.475681,6615289.28615,0.0,-0.782352777742,Measure,both,Plot_1
599207.112516,6615285.68792,0.0,-0.774293648467,Measure,both,Plot_2
599210.540601,6615282.32707,0.0,-0.768487966446,Measure,both,Plot_3
599213.767467,6615279.14894,0.0,-0.779239561224,Measure,both,Plot_4
599217.378607,6615275.52868,0.0,-0.768001019503,Measure,both,Plot_5
599220.916129,6615272.08907,0.0,-0.764347411431,Measure,both,Plot_6
599224.236638,6615268.87552,0.0,-0.751955670645,Measure,both,Plot_7
599227.616849,6615265.61849,0.0,-0.765847435086,Measure,both,Plot_8
599231.313164,6615262.17737,0.0,-0.728018314595,Measure,both,Plot_9
599234.886856,6615259.01497,0.0,-0.714346635472,Measure,both,Plot_10
599238.594629,6615255.77436,0.0,-0.732751970121,Measure,both,Plot_11
599242.12378,6615252.6317,0.0,-0.704109318872,Measure,both,Plot_12
599245.780322,6615249.56924,0.0,-0.701325398343,Measure,both,Plot_13
599249.520127,6615246.38706,0.0,-0.699157925357,Measure,both,Plot_14
599252.9893,6615243.45798,0.0,-0.695566382729,Measure,both,Plot_15
599256.658381,6615240.48629,0.0,-0.697862194366,DriveThrough,right,DrThr_2
599256.614844,6615240.49024,0.0,-2.25255490431,TurningPoint,right,TurningPoint_1
599249.833605,6615232.54221,0.0,-2.27963248211,DriveThrough,right,DrThr_3
599241.778278,6615223.36847,0.0,-2.3262845529,DriveThrough,right,DrThr_4
599241.745337,6615223.36551,0.0,2.25609395651,TurningPoint,right,TurningPoint_2
599239.053402,6615226.57192,0.0,2.3098827735,Measure,both,Plot_16
599235.892105,6615230.08287,0.0,2.32823640253,Measure,both,Plot_17
599232.618879,6615233.54982,0.0,2.32606565286,Measure,both,Plot_18
599229.272796,6615236.96606,0.0,2.33832185916,Measure,both,Plot_19
599225.947724,6615240.41084,0.0,2.32978233048,Measure,both,Plot_20
599222.689008,6615243.79259,0.0,2.33183988774,Measure,both,Plot_21
599219.234641,6615247.37612,0.0,2.34706031361,Measure,both,Plot_22
599215.804741,6615250.86433,0.0,2.35180774659,Measure,both,Plot_23
599212.325577,6615254.2335,0.0,2.37855342928,Measure,both,Plot_24
599208.790367,6615257.59931,0.0,2.37939486457,Measure,both,Plot_25
599205.140328,6615260.95318,0.0,2.40588178518,Measure,both,Plot_26
599201.667484,6615264.14047,0.0,2.38998474746,Measure,both,Plot_27
599198.029329,6615267.44827,0.0,2.38942195225,Measure,both,Plot_28
599194.517164,6615270.63883,0.0,2.41306538891,Measure,both,Plot_29
599190.941792,6615273.7653,0.0,2.43085611762,Measure,both,Plot_30
599186.804532,6615277.05661,0.0,2.55215432264,DriveThrough,right,DrThr_5
599205.981904,6615264.11716,0.0,-0.579857579474,Stop,right,Stop
