599310.646306,6615314.35228,0.0,-3.70714517543e-11,Measure,both,Plot_1
599297.706613,6615232.19771,0.0,0.53745677746,Measure,both,Plot_2
599304.866633,6615236.51702,0.0,0.565763186509,Measure,both,Plot_3
599310.805134,6615240.28384,0.0,0.540127678614,Measure,both,Plot_4
599317.920362,6615245.03962,0.0,0.618345335306,Measure,both,Plot_5
599324.266741,6615249.54939,0.0,0.619752028295,Measure,both,Plot_6
599329.855241,6615253.64338,0.0,0.643955216378,Measure,both,Plot_7
599334.999977,6615257.55284,0.0,0.628323519795,DriveThrough,both,DrThr_1
599335.015496,6615257.54634,0.0,-0.807978880843,TurningPoint,both,TurningPoint_1
599340.247329,6615251.03834,0.0,-1.02624938187,DriveThrough,both,DrThr_2
599340.264744,6615251.02144,0.0,-2.60595287198,TurningPoint,both,TurningPoint_2
599333.963994,6615247.4313,0.0,-2.59750278119,Measure,both,Plot_8
599327.290309,6615243.38035,0.0,-2.56030890404,Measure,both,Plot_9
599320.816958,6615239.2068,0.0,-2.51729116859,Measure,both,Plot_10
599314.709845,6615234.97443,0.0,-2.48099926112,Measure,both,Plot_11
599308.414603,6615230.47821,0.0,-2.51394308968,Measure,both,Plot_12
599302.193072,6615225.91467,0.0,-2.48774321548,Measure,both,Plot_13
599296.921978,6615222.00319,0.0,-2.50813170955,DriveThrough,both,DrThr_3
599296.914234,6615222.00049,0.0,-0.869350651749,TurningPoint,both,TurningPoint_3
599302.269864,6615216.0582,0.0,-0.827687076933,DriveThrough,both,DrThr_4
599302.263472,6615216.03675,0.0,0.699825464769,TurningPoint,both,TurningPoint_4
599307.174946,6615220.67995,0.0,0.787814727326,Measure,both,Plot_14
599312.249149,6615225.85172,0.0,0.818216844406,Measure,both,Plot_15
599317.428331,6615231.43991,0.0,0.862543551623,Measure,both,Plot_16
599322.7138,6615237.31089,0.0,0.859073731207,Measure,both,Plot_17
599327.775889,6615243.11605,0.0,0.89829693112,Measure,both,Plot_18
599332.536875,6615248.80668,0.0,0.892014779029,Measure,both,Plot_19
599336.979125,6615254.10145,0.0,0.869775525357,DriveThrough,both,DrThr_5
599336.972823,6615254.06312,0.0,2.48462935031,TurningPoint,both,TurningPoint_5
599330.767607,6615259.09473,0.0,2.49123097216,DriveThrough,both,DrThr_6
599323.916147,6615264.167,0.0,2.5115115321,DriveThrough,both,DrThr_7
599323.92403,6615264.16536,0.0,-2.20868230387,TurningPoint,both,TurningPoint_6
599320.110785,6615258.65145,0.0,-2.16102783918,Measure,both,Plot_20
599316.063691,6615252.09039,0.0,-2.12529413527,Measure,both,Plot_21
599312.115106,6615245.21494,0.0,-2.05816387863,Measure,both,Plot_22
599308.238721,6615238.16005,0.0,-2.02776148017,Measure,both,Plot_23
599305.015443,6615231.78104,0.0,-2.0299958558,Measure,both,Plot_24
599301.6372,6615224.86608,0.0,-2.00397965723,Measure,both,Plot_25
599299.108225,6615219.11582,0.0,-1.98713606038,DriveThrough,both,DrThr_8
599299.05957,6615219.12984,0.0,-0.368256526465,TurningPoint,both,TurningPoint_7
599306.761405,6615216.25107,0.0,-0.345011066372,DriveThrough,both,DrThr_9
599306.733742,6615216.20618,0.0,1.26704789074,TurningPoint,both,TurningPoint_8
599308.868118,6615222.66588,0.0,1.24706595943,Measure,both,Plot_26
599311.262761,6615229.67828,0.0,1.25768985697,Measure,both,Plot_27
599313.620387,6615237.21214,0.0,1.29665327868,Measure,both,Plot_28
599315.824225,6615244.31215,0.0,1.29746801821,Measure,both,Plot_29
599318.09951,6615251.73065,0.0,1.27028559519,Measure,both,Plot_30
599320.501594,6615259.55764,0.0,1.29027177593,Measure,both,Plot_31
599322.296906,6615265.56766,0.0,1.25757021434,DriveThrough,both,DrThr_10
599322.312471,6615265.56455,0.0,-0.329574661587,TurningPoint,both,TurningPoint_9
599330.09097,6615262.92362,0.0,-0.332421242577,DriveThrough,both,DrThr_11
599330.098874,6615262.90396,0.0,-1.98515508473,TurningPoint,both,TurningPoint_10
599327.308119,6615256.57429,0.0,-1.94404460652,Measure,both,Plot_32
599324.055528,6615248.99006,0.0,-1.96850231605,Measure,both,Plot_33
599321.329303,6615242.56466,0.0,-1.95231377302,Measure,both,Plot_34
599318.301181,6615235.12538,0.0,-1.94958468612,Measure,both,Plot_35
599315.581577,6615228.37069,0.0,-1.92877499382,Measure,both,Plot_36
599312.747243,6615221.26286,0.0,-1.95950216442,Measure,both,Plot_37
599310.425293,6615215.26385,0.0,-1.93052375054,Stop,both,Stop
