599303.285682,6615220.50739,0.0,0.485095266432,DriveThrough,right,DrThr_1
599308.221439,6615222.67327,0.0,0.44427900655,Measure,both,Plot_1
599315.255825,6615225.61227,0.0,0.384553585698,Measure,both,Plot_2
599323.267425,6615228.98571,0.0,0.375887960636,Measure,both,Plot_3
599330.107528,6615231.85997,0.0,0.395611941429,Measure,both,Plot_4
599337.825257,6615235.20626,0.0,0.407146318399,Measure,both,Plot_5
599344.398621,6615237.97848,0.0,0.410045857843,Measure,both,Plot_6
599351.461017,6615240.81436,0.0,0.39152416784,DriveThrough,right,DrThr_2
599351.349113,6615240.43458,0.0,-1.23538931162,TurningPoint,right,TurningPoint_1
599354.644136,6615232.54165,0.0,-1.19846249142,DriveThrough,right,DrThr_3
599354.296093,6615232.6453,0.0,-2.86939949745,TurningPoint,right,TurningPoint_2
599348.257021,6615230.29063,0.0,-2.7049123904,Measure,both,Plot_7
599339.921307,6615226.81719,0.0,-2.73721270388,Measure,both,Plot_8
599332.855942,6615223.86906,0.0,-2.73546394609,Measure,both,Plot_9
599325.155804,6615220.50431,0.0,-2.73712637574,Measure,both,Plot_10
599318.371127,6615217.61472,0.0,-2.74547701057,Measure,both,Plot_11
599311.228338,6615214.55023,0.0,-2.70060467408,Measure,both,Plot_12
599304.909433,6615211.92586,0.0,-2.73777974245,DriveThrough,right,DrThr_4
599305.184392,6615211.80259,0.0,-1.20728883026,TurningPoint,right,TurningPoint_3
599308.417537,6615204.04026,0.0,-1.16023539352,DriveThrough,right,DrThr_5
599308.624081,6615204.38672,0.0,0.475531249013,TurningPoint,right,TurningPoint_4
599314.654319,6615206.94971,0.0,0.42902625791,Measure,both,Plot_13
599322.434149,6615210.20838,0.0,0.449447231249,Measure,both,Plot_14
599329.763437,6615213.237,0.0,0.420456066807,Measure,both,Plot_15
599337.063249,6615216.34156,0.0,0.436368866245,Measure,both,Plot_16
599344.736034,6615219.54426,0.0,0.441521781095,Measure,both,Plot_17
599351.812406,6615222.60707,0.0,0.436646507266,Measure,both,Plot_18
599358.700446,6615225.55145,0.0,0.371280202667,DriveThrough,right,DrThr_6
599358.367117,6615225.65197,0.0,2.03498114145,TurningPoint,right,TurningPoint_5
599354.726492,6615233.936,0.0,1.94562403422,DriveThrough,right,DrThr_7
599336.531939,6615234.62996,0.0,-2.73862284393,Stop,right,Stop
