599326.082123,6615267.00541,0.0,0.04853921686349157,Measure,both,Plot_1
599326.9466856363,6615267.047408181,0.0,0.04853921686349157,Measure,both,Plot_2
599327.8112482727,6615267.089406364,0.0,0.04853921686349157,Measure,both,Plot_3
599328.675810909,6615267.131404545,0.0,0.04853921686349157,Measure,both,Plot_4
599329.5403735454,6615267.173402727,0.0,0.04853921686349157,Measure,both,Plot_5
599330.4049361817,6615267.215400909,0.0,0.04853921686349157,Measure,both,Plot_6
599331.2694988182,6615267.257399091,0.0,0.04853921686349157,Measure,both,Plot_7
599332.1340614546,6615267.299397273,0.0,0.04853921686349157,Measure,both,Plot_8
599332.9986240909,6615267.3413954545,0.0,0.04853921686349157,Measure,both,Plot_9
599333.8631867273,6615267.383393636,0.0,0.04853921686349157,Measure,both,Plot_10
599334.7277493636,6615267.425391818,0.0,0.04853921686349157,Measure,both,Plot_11
599335.592312,6615267.46739,0.0,0.04853921686349157,Measure,both,Plot_12
599337.1471,6615267.57518,0.0,0.0647368281433,DriveThrough,right,DrThr_1
599337.151758,6615267.58238,0.0,-0.639450001392,TurningPoint,right,TurningPoint_1
599338.847981,6615266.35528,0.0,-0.663184593114,DriveThrough,right,DrThr_2
599338.861889,6615266.35562,0.0,-1.40126904506,TurningPoint,right,TurningPoint_2
599339.037622,6615263.67423,0.0,-1.52499631129,DriveThrough,right,DrThr_3
599339.026416,6615263.64168,0.0,-2.15878553902,TurningPoint,right,TurningPoint_3
599338.545619,6615262.945929999,0.0,-2.09933233094,DriveThrough,right,DrThr_4
599338.647702,6615262.993729999,0.0,3.2,TurningPoint,right,TurningPoint_4
599336.157156,6615262.89419,0.0,-3.1034113171115796,Measure,both,Plot_13
599335.2850928182,6615262.860877273,0.0,-3.1034113171115796,Measure,both,Plot_14
599334.4130296364,6615262.827564546,0.0,-3.1034113171115796,Measure,both,Plot_15
599333.5409664545,6615262.794251818,0.0,-3.1034113171115796,Measure,both,Plot_16
599332.6689032727,6615262.760939091,0.0,-3.1034113171115796,Measure,both,Plot_17
599331.7968400909,6615262.727626364,0.0,-3.1034113171115796,Measure,both,Plot_18
599330.9247769092,6615262.694313637,0.0,-3.1034113171115796,Measure,both,Plot_19
599330.0527137273,6615262.661000909,0.0,-3.1034113171115796,Measure,both,Plot_20
599329.1806505455,6615262.6276881825,0.0,-3.1034113171115796,Measure,both,Plot_21
599328.3085873637,6615262.594375455,0.0,-3.1034113171115796,Measure,both,Plot_22
599327.4365241819,6615262.561062728,0.0,-3.1034113171115796,Measure,both,Plot_23
599326.564461,6615262.52775,0.0,-3.1034113171115796,Measure,both,Plot_24
599324.694793,6615262.5004199995,0.0,-3.08453902683,DriveThrough,right,DrThr_5
599324.647189,6615262.511999999,0.0,2.56536992889,TurningPoint,right,TurningPoint_5
599322.884169,6615263.91813,0.0,2.42409600514,DriveThrough,right,DrThr_6
599322.851748,6615263.91258,0.0,1.83205393881,TurningPoint,right,TurningPoint_6
599322.209371,6615265.8387,0.0,1.88787658281,DriveThrough,right,DrThr_7
599322.171903,6615265.76935,0.0,0.770210089934,TurningPoint,right,TurningPoint_7
599323.698569,6615267.0373,0.0,0.668579593256,DriveThrough,right,DrThr_8
599323.689455,6615266.95323,0.0,-0.0108293493518,TurningPoint,right,TurningPoint_8
599324.00483,6615266.94863,0.0,-0.00072486665308,Stop,right,Stop
